mysql> use z1768935;
Database changed
mysql> create table tempTable(tempNo INT, tempName char(10))ENGINE=INNODB;
Query OK, 0 rows affected (0.06 sec)

mysql> create index temp_index on tempTable(tempNo);
Query OK, 0 rows affected (0.32 sec)
Records: 0  Duplicates: 0  Warnings: 0

mysql> start transaction;
Query OK, 0 rows affected (0.00 sec)

mysql> insert into tempTable values(1, 'T1');
Query OK, 1 row affected (0.00 sec)

mysql> insert into tempTable values(2, 'T2');
Query OK, 1 row affected (0.00 sec)

mysql> use z1768935;
Reading table information for completion of table and column names
You can turn off this feature to get a quicker startup with -A

Database changed
mysql> select* from tempTable;
Empty set (0.00 sec)

mysql> commit;
Query OK, 0 rows affected (0.03 sec)

mysql> \t
mysql> select* from tempTable;
+--------+----------+
| tempNo | tempName |
+--------+----------+
|      1 | T1       |
|      2 | T2       |
+--------+----------+
2 rows in set (0.00 sec)

mysql> \t
mysql> use z1768935;
Reading table information for completion of table and column names
You can turn off this feature to get a quicker startup with -A

Database changed
mysql> start transaction;
Query OK, 0 rows affected (0.00 sec)

mysql> delete from tempTable where tempNo = 1;
Query OK, 1 row affected (0.00 sec)

mysql> select * from tempTable;
+--------+----------+
| tempNo | tempName |
+--------+----------+
|      2 | T2       |
+--------+----------+
1 row in set (0.00 sec)

mysql> rollback;
Query OK, 0 rows affected (0.08 sec)

mysql> select * from tempTable;
+--------+----------+
| tempNo | tempName |
+--------+----------+
|      1 | T1       |
|      2 | T2       |
+--------+----------+
2 rows in set (0.00 sec)

mysql> \t
mysql> use z1768935;
Reading table information for completion of table and column names
You can turn off this feature to get a quicker startup with -A

Database changed
mysql> start transaction;
Query OK, 0 rows affected (0.00 sec)

mysql> use z1768935;
Reading table information for completion of table and column names
You can turn off this feature to get a quicker startup with -A

Database changed
mysql> start transaction;
Query OK, 0 rows affected (0.00 sec)

mysql> update tempTable set tempName = 'T11' where tempNo = 1;
Query OK, 1 row affected (0.00 sec)
Rows matched: 1  Changed: 1  Warnings: 0

mysql> update tempTable set tempName = 'T22' where tempNo = 2;
Query OK, 1 row affected (0.00 sec)
Rows matched: 1  Changed: 1  Warnings: 0

mysql> update tempTable set tempName = 'T21' where tempNo = 2;
Query OK, 1 row affected (10.75 sec)
Rows matched: 1  Changed: 1  Warnings: 0

mysql> update tempTable set tempName = 'T12' where tempNo = 1;
ERROR 1213 (40001): Deadlock found when trying to get lock; try restarting transaction
mysql> \t
mysql> \t
